<keymap version="1" name="Default copy" parent="Mac OS X 10.5+">
  <action id="ChangesView.AddUnversioned" />
  <action id="ChangesView.Move" />
  <action id="Diagram.DeselectAll" />
  <action id="Diff.PrevChange">
    <keyboard-shortcut first-keystroke="ctrl left" />
  </action>
  <action id="GotoAction">
    <keyboard-shortcut first-keystroke="shift meta a" />
    <keyboard-shortcut first-keystroke="shift meta m" />
    <keyboard-shortcut first-keystroke="meta alt a" />
  </action>
  <action id="Javascript.Linters.EsLint.Fix">
    <keyboard-shortcut first-keystroke="meta alt l" />
  </action>
  <action id="PreviousTab">
    <keyboard-shortcut first-keystroke="ctrl left" />
  </action>
  <action id="ReformatCode" />
  <action id="Vcs.MoveChangedLinesToChangelist" />
  <action id="Vcs.ReformatCommitMessage" />
  <action id="ZoomCurrentWindow">
    <keyboard-shortcut first-keystroke="shift meta open_bracket" />
  </action>
</keymap>