<application>
  <component name="FileTypeManager" version="18">
    <extensionMap>
      <mapping pattern=".figmagicrc" type="JSON" />
      <mapping pattern=".tsconfig" type="JSON" />
      <hashBang value="*.json" type="JSON" />
      <mapping ext="mdx" type="JavaScript" />
      <mapping pattern="transformOrderDataToListItems" type="PLAIN_TEXT" />
      <mapping pattern=".env.local" type="PLAIN_TEXT" />
      <mapping pattern=".xcode.env" type="PLAIN_TEXT" />
      <mapping pattern=".huskyrc" type="PLAIN_TEXT" />
      <mapping pattern="LICENSE" type="PLAIN_TEXT" />
      <mapping pattern=".buckconfig" type="PLAIN_TEXT" />
      <mapping pattern="index" type="PLAIN_TEXT" />
      <mapping pattern="ServersidePaging" type="PLAIN_TEXT" />
      <mapping pattern=".gitlab-ci" type="PLAIN_TEXT" />
      <mapping pattern="Matchfile" type="PLAIN_TEXT" />
      <mapping pattern="animation-hooks" type="PLAIN_TEXT" />
      <mapping pattern=".ruby-version" type="PLAIN_TEXT" />
      <mapping pattern=".flowconfig" type="PLAIN_TEXT" />
      <mapping pattern="e2eDockerfile" type="PLAIN_TEXT" />
      <mapping pattern="get-questions-response" type="PLAIN_TEXT" />
      <mapping pattern=".gitinclude" type="PLAIN_TEXT" />
      <mapping pattern="ExampleScreen" type="PLAIN_TEXT" />
      <mapping pattern="requestState" type="PLAIN_TEXT" />
      <mapping pattern="hacking-our-end-to-end-tests" type="PLAIN_TEXT" />
      <mapping pattern=".env-example" type="PLAIN_TEXT" />
      <mapping pattern="new file" type="PLAIN_TEXT" />
      <mapping pattern=".env" type="PLAIN_TEXT" />
      <mapping pattern="appReducer" type="PLAIN_TEXT" />
      <mapping pattern="a-sensible-approach" type="PLAIN_TEXT" />
      <mapping ext="plist" type="PLAIN_TEXT" />
      <mapping ext="bundle" type="PLAIN_TEXT" />
      <mapping ext="md]" type="PLAIN_TEXT" />
      <mapping ext="xcuserstate" type="PLAIN_TEXT" />
      <mapping ext="mobileprovision" type="PLAIN_TEXT" />
      <mapping ext="config" type="PLAIN_TEXT" />
      <mapping ext="shj" type="PLAIN_TEXT" />
      <mapping ext="test" type="PLAIN_TEXT" />
      <mapping ext="toml" type="PLAIN_TEXT" />
      <mapping ext="ttf" type="PLAIN_TEXT" />
      <mapping ext="scsss" type="PLAIN_TEXT" />
      <mapping ext="production" type="PLAIN_TEXT" />
      <mapping ext="hprof" type="PLAIN_TEXT" />
      <mapping ext="jsbundle" type="PLAIN_TEXT" />
      <mapping ext="rc" type="PLAIN_TEXT" />
      <mapping ext="url]" type="PLAIN_TEXT" />
      <mapping ext="podspec" type="PLAIN_TEXT" />
      <mapping ext="keystore" type="PLAIN_TEXT" />
      <mapping ext="tsk" type="PLAIN_TEXT" />
      <mapping ext="otf" type="PLAIN_TEXT" />
      <mapping ext="storyboard" type="PLAIN_TEXT" />
      <mapping ext="m" type="PLAIN_TEXT" />
      <mapping ext="requires" type="PLAIN_TEXT" />
      <mapping ext="" type="PLAIN_TEXT" />
      <mapping pattern="*.web.tsx" type="TypeScript JSX" />
      <removed_mapping ext="ignore" approved="true" type="IgnoreLang file" />
      <removed_mapping pattern=".prettierignore" approved="true" type="Prettier File" />
      <removed_mapping pattern=".tsconfig" approved="true" type="PLAIN_TEXT" />
      <removed_mapping pattern=".tsconfig" approved="true" type="TypoScript File" />
    </extensionMap>
  </component>
</application>