<application>
  <component name="FindSettings">
    <option name="customScope" value="All Places" />
    <option name="defaultScopeName" value="All Places" />
    <option name="SEARCH_SCOPE" value="All Places" />
    <mask>*.tscs</mask>
    <mask>reducer.ts</mask>
    <mask>saga.test.ts</mask>
    <mask>*saga.ts</mask>
    <mask>saga</mask>
    <mask>!file[your_project]:*node_modules//*</mask>
    <mask>index.tsx</mask>
    <mask>*.test.tsx</mask>
    <mask>*.xml</mask>
    <mask>*.css</mask>
    <mask>*.shtml</mask>
    <mask>*.shtm</mask>
    <mask>*.ng</mask>
    <mask>*.htm</mask>
    <mask>*.sht</mask>
    <mask>*.html</mask>
    <mask>*.ats</mask>
    <mask>*.mdx</mask>
    <mask>*.cjs</mask>
    <mask>*.tsx,*.js,*.jsx,*.ts</mask>
    <mask>*.ts,*.js</mask>
    <mask>*.tsx,*.ts</mask>
    <mask>*.md</mask>
    <mask>*.ts*</mask>
    <mask>*.js*</mask>
    <mask>*.ts</mask>
    <mask>*.tsx</mask>
    <mask>*.scss</mask>
    <mask>*.js</mask>
    <mask>package.json</mask>
  </component>
</application>